{"entities":{"pages":{"dx71w9_2":{"id":"dx71w9_2","title":"Data Structures","level":0,"pages":["LinkedList","List"],"tabIndex":0},"LinkedList":{"id":"LinkedList","title":"LinkedList","url":"linkedlist.html","level":1,"parentId":"dx71w9_2","tabIndex":0},"List":{"id":"List","title":"List (Lista)","url":"list.html","level":1,"parentId":"dx71w9_2","tabIndex":1},"learn-data-structure":{"id":"learn-data-structure","title":"Learn Data Structure","url":"learn-data-structure.html","level":0,"tabIndex":1}}},"topLevelIds":["dx71w9_2","learn-data-structure"]}