{"entities":{"pages":{"learn-data-structure":{"id":"learn-data-structure","title":"Learn Data Structure","url":"learn-data-structure.html","level":0,"tabIndex":0},"dx71w9_3":{"id":"dx71w9_3","title":"Data Structures","level":0,"pages":["LinkedList","List"],"tabIndex":1},"LinkedList":{"id":"LinkedList","title":"LinkedList","url":"linkedlist.html","level":1,"parentId":"dx71w9_3","tabIndex":0},"List":{"id":"List","title":"List (Lista)","url":"list.html","level":1,"parentId":"dx71w9_3","tabIndex":1}}},"topLevelIds":["learn-data-structure","dx71w9_3"]}